{
  "schema_version": 2,
  "model": "user_score",
  "model_path": "models/user_score_20260625_214601.nc",
  "primary_split": "within_entity_temporal",
  "splits": {
    "within_entity_temporal": {
      "point_metrics": {
        "mae": 5.637375831604004,
        "rmse": 8.268281936645508,
        "r2": 0.4173537492752075,
        "median_ae": 4.156036376953125,
        "n_observations": 653,
        "mean_bias": 0.46363314986228943
      },
      "calibration": {
        "coverages": {
          "0.80": {
            "nominal": 0.8,
            "empirical": 0.8560490045941807,
            "interval_width": 19.50945472717285,
            "abs_error": 0.05604900459418061,
            "within_tolerance": false
          },
          "0.95": {
            "nominal": 0.95,
            "empirical": 0.9571209800918836,
            "interval_width": 33.097782135009766,
            "abs_error": 0.007120980091883666,
            "within_tolerance": true
          }
        },
        "coverage_tolerance": 0.03,
        "within_tolerance": false,
        "interval_scores": {
          "0.80": {
            "mean_score": 29.091691970825195,
            "sharpness": 19.50945472717285,
            "penalty": 9.58224105834961
          },
          "0.95": {
            "mean_score": 48.152008056640625,
            "sharpness": 33.097782135009766,
            "penalty": 15.054229736328125
          }
        },
        "wis": 2.7727265357971196,
        "pit": {
          "mean": 0.5062105666156201,
          "std": 0.265918422927995,
          "n_obs": 653,
          "n_bins": 10,
          "counts": [
            66,
            44,
            56,
            48,
            82,
            81,
            96,
            79,
            73,
            28
          ],
          "bin_edges": [
            0.0,
            0.1,
            0.2,
            0.30000000000000004,
            0.4,
            0.5,
            0.6000000000000001,
            0.7000000000000001,
            0.8,
            0.9,
            1.0
          ],
          "max_abs_dev_from_uniform": 0.05712098009188362
        }
      },
      "crps": {
        "mean_crps": 4.192873935587379,
        "n_obs": 653
      },
      "ppc": {
        "summary": {
          "mean": {
            "observed": 68.78713989257812,
            "p_value": 0.85625,
            "mc_se": 0.005547205095811765
          },
          "sd": {
            "observed": 10.832103729248047,
            "p_value": 0.15875,
            "mc_se": 0.005778157956909797
          },
          "skewness": {
            "observed": -2.081357479095459,
            "p_value": 0.99,
            "mc_se": 0.001573213272255228
          },
          "min": {
            "observed": 3.0,
            "p_value": 0.90125,
            "mc_se": 0.004716949159679379
          },
          "max": {
            "observed": 88.0,
            "p_value": 1.0,
            "mc_se": 0.0
          },
          "q10": {
            "observed": 58.0,
            "p_value": 0.05975,
            "mc_se": 0.003747663855657281
          },
          "q50": {
            "observed": 71.0,
            "p_value": 0.0075,
            "mc_se": 0.0013641618305758301
          },
          "q90": {
            "observed": 79.0,
            "p_value": 0.9995,
            "mc_se": 0.00035346499119429955
          }
        },
        "n_samples": 4000,
        "extreme_statistics": [
          "max",
          "q50",
          "q90"
        ]
      },
      "prediction_interval": {
        "level": 0.95,
        "lower_percentile": 2.500000000000002,
        "upper_percentile": 97.5
      },
      "n_test": 653,
      "info_criteria": {
        "loo": {
          "elpd": -2486.048523426056,
          "se": 29.66011996211994,
          "p": 258.27675580978394,
          "pareto_k_max": 0.646650980895396,
          "pareto_k_gt_0_7": 0
        },
        "waic": {
          "elpd": -2485.7150616161525,
          "se": 30.06451313883673,
          "p": 257.94329833984375
        },
        "scale": "score",
        "latents_marginalized": true
      },
      "residual_autocorrelation": {
        "lag1_acf": null,
        "n_pairs": 0,
        "n_entities_multi": 0
      },
      "stratified_by_history": [
        {
          "train_albums_bin": "1-2",
          "n": 124,
          "rmse": 6.1089582443237305,
          "r2": 0.4865286859968333,
          "coverage": 0.9758064516129032,
          "mean_interval_width": 30.783212661743164,
          "interval": 0.95
        },
        {
          "train_albums_bin": "3-5",
          "n": 262,
          "rmse": 7.222835540771484,
          "r2": 0.4264845851166723,
          "coverage": 0.950381679389313,
          "mean_interval_width": 31.78968048095703,
          "interval": 0.95
        },
        {
          "train_albums_bin": "6-10",
          "n": 180,
          "rmse": 8.99193286895752,
          "r2": 0.3736646551424152,
          "coverage": 0.9666666666666667,
          "mean_interval_width": 33.68967056274414,
          "interval": 0.95
        },
        {
          "train_albums_bin": "11+",
          "n": 87,
          "rmse": 11.642254829406738,
          "r2": 0.33411416851062437,
          "coverage": 0.9310344827586207,
          "mean_interval_width": 39.111446380615234,
          "interval": 0.95
        }
      ]
    },
    "entity_disjoint": {
      "point_metrics": {
        "mae": 7.195156097412109,
        "rmse": 10.818246841430664,
        "r2": 0.002731919288635254,
        "median_ae": 4.6716461181640625,
        "n_observations": 799,
        "mean_bias": 2.7781946659088135
      },
      "calibration": {
        "coverages": {
          "0.80": {
            "nominal": 0.8,
            "empirical": 0.7033792240300375,
            "interval_width": 16.536497116088867,
            "abs_error": 0.09662077596996255,
            "within_tolerance": false
          },
          "0.95": {
            "nominal": 0.95,
            "empirical": 0.8948685857321652,
            "interval_width": 29.745315551757812,
            "abs_error": 0.055131414267834744,
            "within_tolerance": false
          }
        },
        "coverage_tolerance": 0.03,
        "within_tolerance": false,
        "interval_scores": {
          "0.80": {
            "mean_score": 39.57377243041992,
            "sharpness": 16.536497116088867,
            "penalty": 23.037273406982422
          },
          "0.95": {
            "mean_score": 73.3402099609375,
            "sharpness": 29.745315551757812,
            "penalty": 43.59489822387695
          }
        },
        "wis": 3.7549911117553716,
        "pit": {
          "mean": 0.4525614831038799,
          "std": 0.3142169413179745,
          "n_obs": 799,
          "n_bins": 10,
          "counts": [
            176,
            64,
            55,
            59,
            58,
            74,
            82,
            94,
            77,
            60
          ],
          "bin_edges": [
            0.0,
            0.1,
            0.2,
            0.30000000000000004,
            0.4,
            0.5,
            0.6000000000000001,
            0.7000000000000001,
            0.8,
            0.9,
            1.0
          ],
          "max_abs_dev_from_uniform": 0.12027534418022529
        }
      },
      "crps": {
        "mean_crps": 5.469340263493425,
        "n_obs": 799
      },
      "ppc": {
        "summary": {
          "mean": {
            "observed": 69.6971206665039,
            "p_value": 0.9995,
            "mc_se": 0.00035346499119429955
          },
          "sd": {
            "observed": 10.833054542541504,
            "p_value": 0.00175,
            "mc_se": 0.0006608588162383854
          },
          "skewness": {
            "observed": -1.8474830389022827,
            "p_value": 0.97125,
            "mc_se": 0.002642131596836163
          },
          "min": {
            "observed": 9.0,