{
  "schema_version": 2,
  "model": "user_score",
  "model_path": "models/user_score_20260628_115925.nc",
  "primary_split": "within_entity_temporal",
  "splits": {
    "within_entity_temporal": {
      "point_metrics": {
        "mae": 5.637099266052246,
        "rmse": 8.267422676086426,
        "r2": 0.4174748659133911,
        "median_ae": 4.1543121337890625,
        "n_observations": 653,
        "mean_bias": 0.4616808593273163
      },
      "calibration": {
        "coverages": {
          "0.80": {
            "nominal": 0.8,
            "empirical": 0.8560490045941807,
            "interval_width": 19.506729125976562,
            "abs_error": 0.05604900459418061,
            "within_tolerance": false
          },
          "0.95": {
            "nominal": 0.95,
            "empirical": 0.9571209800918836,
            "interval_width": 33.0953483581543,
            "abs_error": 0.007120980091883666,
            "within_tolerance": true
          }
        },
        "coverage_tolerance": 0.03,
        "within_tolerance": false,
        "interval_scores": {
          "0.80": {
            "mean_score": 29.093624114990234,
            "sharpness": 19.506729125976562,
            "penalty": 9.586893081665039
          },
          "0.95": {
            "mean_score": 48.14046859741211,
            "sharpness": 33.0953483581543,
            "penalty": 15.045119285583496
          }
        },
        "wis": 2.7726779365539556,
        "pit": {
          "mean": 0.5061546707503829,
          "std": 0.2659174013176147,
          "n_obs": 653,
          "n_bins": 10,
          "counts": [
            65,
            46,
            57,
            45,
            83,
            81,
            96,
            79,
            72,
            29
          ],
          "bin_edges": [
            0.0,
            0.1,
            0.2,
            0.30000000000000004,
            0.4,
            0.5,
            0.6000000000000001,
            0.7000000000000001,
            0.8,
            0.9,
            1.0
          ],
          "max_abs_dev_from_uniform": 0.055589586523736606
        }
      },
      "crps": {
        "mean_crps": 4.192399364963231,
        "n_obs": 653
      },
      "ppc": {
        "summary": {
          "mean": {
            "observed": 68.78713989257812,
            "p_value": 0.85625,
            "mc_se": 0.005547205095811765
          },
          "sd": {
            "observed": 10.832103729248047,
            "p_value": 0.15825,
            "mc_se": 0.0057707654929827126
          },
          "skewness": {
            "observed": -2.081357479095459,
            "p_value": 0.99,
            "mc_se": 0.001573213272255228
          },
          "min": {
            "observed": 3.0,
            "p_value": 0.89975,
            "mc_se": 0.004748682383040583
          },
          "max": {
            "observed": 88.0,
            "p_value": 1.0,
            "mc_se": 0.0
          },
          "q10": {
            "observed": 58.0,
            "p_value": 0.0615,
            "mc_se": 0.003798609943123932
          },
          "q50": {
            "observed": 71.0,
            "p_value": 0.00775,
            "mc_se": 0.001386536827855647
          },
          "q90": {
            "observed": 79.0,
            "p_value": 0.9995,
            "mc_se": 0.00035346499119429955
          }
        },
        "n_samples": 4000,
        "extreme_statistics": [
          "max",
          "q50",
          "q90"
        ]
      },
      "prediction_interval": {
        "level": 0.95,
        "lower_percentile": 2.500000000000002,
        "upper_percentile": 97.5
      },
      "n_test": 653,
      "info_criteria": {
        "loo": {
          "elpd": -2485.7602705955505,
          "se": 29.652611655734752,
          "p": 258.03019762039185,
          "pareto_k_max": 0.5364865468986306,
          "pareto_k_gt_0_7": 0
        },
        "waic": {
          "elpd": -2485.432760214433,
          "se": 30.056781533477753,
          "p": 257.70269775390625
        },
        "scale": "score",
        "latents_marginalized": true
      },
      "residual_autocorrelation": {
        "lag1_acf": null,
        "n_pairs": 0,
        "n_entities_multi": 0
      },
      "stratified_by_history": [
        {
          "train_albums_bin": "1-2",
          "n": 124,
          "rmse": 6.108510971069336,
          "r2": 0.4866038863179192,
          "coverage": 0.9758064516129032,
          "mean_interval_width": 30.791337966918945,
          "interval": 0.95
        },
        {
          "train_albums_bin": "3-5",
          "n": 262,
          "rmse": 7.221949100494385,
          "r2": 0.42662533729302465,
          "coverage": 0.950381679389313,
          "mean_interval_width": 31.78545379638672,
          "interval": 0.95
        },
        {
          "train_albums_bin": "6-10",
          "n": 180,
          "rmse": 8.990795135498047,
          "r2": 0.37382305490222245,
          "coverage": 0.9666666666666667,
          "mean_interval_width": 33.67848205566406,
          "interval": 0.95
        },
        {
          "train_albums_bin": "11+",
          "n": 87,
          "rmse": 11.641483306884766,
          "r2": 0.3342025108412363,
          "coverage": 0.9310344827586207,
          "mean_interval_width": 39.11747360229492,
          "interval": 0.95
        }
      ]
    },
    "entity_disjoint": {
      "point_metrics": {
        "mae": 7.196115493774414,
        "rmse": 10.820920944213867,
        "r2": 0.002238929271697998,
        "median_ae": 4.6715087890625,
        "n_observations": 799,
        "mean_bias": 2.784371852874756
      },
      "calibration": {
        "coverages": {
          "0.80": {
            "nominal": 0.8,
            "empirical": 0.7021276595744681,
            "interval_width": 16.541460037231445,
            "abs_error": 0.09787234042553195,
            "within_tolerance": false
          },
          "0.95": {
            "nominal": 0.95,
            "empirical": 0.8961201501877347,
            "interval_width": 29.75126075744629,
            "abs_error": 0.053879849812265235,
            "within_tolerance": false
          }
        },
        "coverage_tolerance": 0.03,
        "within_tolerance": false,
        "interval_scores": {
          "0.80": {
            "mean_score": 39.58183670043945,
            "sharpness": 16.541460037231445,
            "penalty": 23.040372848510742
          },
          "0.95": {
            "mean_score": 73.43987274169922,
            "sharpness": 29.75126075744629,
            "penalty": 43.68861389160156
          }
        },
        "wis": 3.7566759490966803,
        "pit": {
          "mean": 0.45236592615769716,
          "std": 0.3140855621249965,
          "n_obs": 799,
          "n_bins": 10,
          "counts": [
            178,
            63,
            54,
            59,
            59,
            74,
            81,
            96,
            75,
            60
          ],
          "bin_edges": [
            0.0,
            0.1,
            0.2,
            0.30000000000000004,
            0.4,
            0.5,
            0.6000000000000001,
            0.7000000000000001,
            0.8,
            0.9,
            1.0
          ],
          "max_abs_dev_from_uniform": 0.1227784730913642
        }
      },
      "crps": {
        "mean_crps": 5.47068122367947,
        "n_obs": 799
      },
      "ppc": {
        "summary": {
          "mean": {
            "observed": 69.6971206665039,
            "p_value": 1.0,
            "mc_se": 0.0
          },
          "sd": {
            "observed": 10.833054542541504,
            "p_value": 0.00175,
            "mc_se": 0.0006608588162383854
          },
          "skewness": {
            "observed": -1.8474830389022827,
            "p_value": 0.97125,
            "mc_se": 0.002642131596836163
          },
          "min": {
            "observed": 9.0,
            "p_value": 0.88625,