{
  "schema_version": 2,
  "model": "user_score",
  "model_path": "models/user_score_20260702_053507.nc",
  "primary_split": "within_entity_temporal",
  "splits": {
    "within_entity_temporal": {
      "point_metrics": {
        "mae": 5.659543991088867,
        "rmse": 8.187365531921387,
        "r2": 0.4287019968032837,
        "median_ae": 4.285148620605469,
        "n_observations": 653,
        "mean_bias": 0.00011359970085322857
      },
      "calibration": {
        "coverages": {
          "0.80": {
            "nominal": 0.8,
            "empirical": 0.8637059724349158,
            "interval_width": 19.977174758911133,
            "abs_error": 0.06370597243491571,
            "within_tolerance": false
          },
          "0.95": {
            "nominal": 0.95,
            "empirical": 0.9586523736600306,
            "interval_width": 33.419761657714844,
            "abs_error": 0.008652373660030688,
            "within_tolerance": true
          }
        },
        "coverage_tolerance": 0.03,
        "within_tolerance": false,
        "interval_scores": {
          "0.80": {
            "mean_score": 28.369586944580078,
            "sharpness": 19.977174758911133,
            "penalty": 8.392410278320312
          },
          "0.95": {
            "mean_score": 44.21836853027344,
            "sharpness": 33.419761657714844,
            "penalty": 10.79860782623291
          }
        },
        "wis": 2.6935187530517584,
        "pit": {
          "mean": 0.5052103751914242,
          "std": 0.2623737784199247,
          "n_obs": 653,
          "n_bins": 10,
          "counts": [
            56,
            49,
            60,
            60,
            80,
            89,
            82,
            77,
            67,
            33
          ],
          "bin_edges": [
            0.0,
            0.1,
            0.2,
            0.30000000000000004,
            0.4,
            0.5,
            0.6000000000000001,
            0.7000000000000001,
            0.8,
            0.9,
            1.0
          ],
          "max_abs_dev_from_uniform": 0.04946401225114855
        }
      },
      "crps": {
        "mean_crps": 4.130282162390351,
        "n_obs": 653
      },
      "ppc": {
        "summary": {
          "mean": {
            "observed": 68.78713989257812,
            "p_value": 0.494,
            "mc_se": 0.007905124919949083
          },
          "sd": {
            "observed": 10.832103729248047,
            "p_value": 0.2875,
            "mc_se": 0.007156181768233671
          },
          "skewness": {
            "observed": -2.081357479095459,
            "p_value": 1.0,
            "mc_se": 0.0
          },
          "min": {
            "observed": 3.0,
            "p_value": 0.9635,
            "mc_se": 0.0029651201493362785
          },
          "max": {
            "observed": 88.0,
            "p_value": 0.99975,
            "mc_se": 0.00024996874804661704
          },
          "q10": {
            "observed": 58.0,
            "p_value": 0.002,
            "mc_se": 0.0007063993204979744
          },
          "q50": {
            "observed": 71.0,
            "p_value": 0.05275,
            "mc_se": 0.0035343824602043286
          },
          "q90": {
            "observed": 79.0,
            "p_value": 0.99925,
            "mc_se": 0.00043285029167138965
          }
        },
        "n_samples": 4000,
        "extreme_statistics": [
          "skewness",
          "max",
          "q10",
          "q90"
        ]
      },
      "prediction_interval": {
        "level": 0.95,
        "lower_percentile": 2.500000000000002,
        "upper_percentile": 97.5
      },
      "n_test": 653,
      "info_criteria": {
        "loo": {
          "elpd": -2424.67623090744,
          "se": 26.859825990445692,
          "p": 219.69218254089355,
          "pareto_k_max": 0.6159648069793595,
          "pareto_k_gt_0_7": 0
        },
        "waic": {
          "elpd": -2422.6868688957766,
          "se": 27.09047441162388,
          "p": 217.70281982421875
        },
        "scale": "score",
        "latents_marginalized": true
      },
      "residual_autocorrelation": {
        "lag1_acf": null,
        "n_pairs": 0,
        "n_entities_multi": 0
      },
      "stratified_by_history": [
        {
          "train_albums_bin": "1-2",
          "n": 124,
          "rmse": 5.918447494506836,
          "r2": 0.5180550119605352,
          "coverage": 0.9758064516129032,
          "mean_interval_width": 29.984663009643555,
          "interval": 0.95
        },
        {
          "train_albums_bin": "3-5",
          "n": 262,
          "rmse": 7.112705707550049,
          "r2": 0.443840537249623,
          "coverage": 0.9580152671755725,
          "mean_interval_width": 31.748512268066406,
          "interval": 0.95
        },
        {
          "train_albums_bin": "6-10",
          "n": 180,
          "rmse": 8.940751075744629,
          "r2": 0.3807744466431102,
          "coverage": 0.9666666666666667,
          "mean_interval_width": 34.838985443115234,
          "interval": 0.95
        },
        {
          "train_albums_bin": "11+",
          "n": 87,
          "rmse": 11.639034271240234,
          "r2": 0.33448259242499256,
          "coverage": 0.9195402298850575,
          "mean_interval_width": 40.41238784790039,
          "interval": 0.95
        }
      ]
    },
    "entity_disjoint": {
      "point_metrics": {
        "mae": 7.005871772766113,
        "rmse": 10.312800407409668,
        "r2": 0.09374314546585083,
        "median_ae": 4.901893615722656,
        "n_observations": 799,
        "mean_bias": 1.5339932441711426
      },
      "calibration": {
        "coverages": {
          "0.80": {
            "nominal": 0.8,
            "empirical": 0.8360450563204005,
            "interval_width": 28.307666778564453,
            "abs_error": 0.03604505632040045,
            "within_tolerance": false
          },
          "0.95": {
            "nominal": 0.95,
            "empirical": 0.9561952440550688,
            "interval_width": 42.62855911254883,
            "abs_error": 0.0061952440550688825,
            "within_tolerance": true
          }
        },
        "coverage_tolerance": 0.03,
        "within_tolerance": false,
        "interval_scores": {
          "0.80": {
            "mean_score": 39.42116928100586,
            "sharpness": 28.307666778564453,
            "penalty": 11.11349868774414
          },
          "0.95": {
            "mean_score": 59.667762756347656,
            "sharpness": 42.62855911254883,
            "penalty": 17.039201736450195
          }
        },
        "wis": 3.626911182403565,
        "pit": {
          "mean": 0.4698324468085106,
          "std": 0.2571488392509034,
          "n_obs": 799,
          "n_bins": 10,
          "counts": [
            87,
            57,
            75,
            93,
            119,
            110,
            93,
            77,
            44,
            44
          ],
          "bin_edges": [
            0.0,
            0.1,
            0.2,
            0.30000000000000004,
            0.4,
            0.5,
            0.6000000000000001,
            0.7000000000000001,
            0.8,
            0.9,
            1.0
          ],
          "max_abs_dev_from_uniform": 0.048936170212765945
        }
      },
      "crps": {
        "mean_crps": 5.5793253924610235,
        "n_obs": 799
      },
      "ppc": {
        "summary": {
          "mean": {
            "observed": 69.6971206665039,
            "p_value": 0.61875,
            "mc_se": 0.007679492781102148
          },
          "sd": {
            "observed": 10.833054542541504,
            "p_value": 0.25825,
            "mc_se": 0.006920204792851148
          },
          "skewness": {
            "observed": -1.8474830389022827,
            "p_value": 0.99325,
            "mc_se": 0.0012946464285665056
          },