{
  "schema_version": 2,
  "model": "user_score",
  "model_path": "models/user_score_20260702_223511.nc",
  "primary_split": "within_entity_temporal",
  "splits": {
    "within_entity_temporal": {
      "point_metrics": {
        "mae": 5.69898796081543,
        "rmse": 8.108665466308594,
        "r2": 0.4396322965621948,
        "median_ae": 4.299827575683594,
        "n_observations": 653,
        "mean_bias": -0.46798384189605713
      },
      "calibration": {
        "coverages": {
          "0.80": {
            "nominal": 0.8,
            "empirical": 0.8943338437978561,
            "interval_width": 22.649349212646484,
            "abs_error": 0.09433384379785603,
            "within_tolerance": false
          },
          "0.95": {
            "nominal": 0.95,
            "empirical": 0.9632465543644717,
            "interval_width": 33.8643684387207,
            "abs_error": 0.013246554364471752,
            "within_tolerance": true
          }
        },
        "coverage_tolerance": 0.03,
        "within_tolerance": false,
        "interval_scores": {
          "0.80": {
            "mean_score": 29.174440383911133,
            "sharpness": 22.649349212646484,
            "penalty": 6.525093078613281
          },
          "0.95": {
            "mean_score": 44.22957992553711,
            "sharpness": 33.8643684387207,
            "penalty": 10.365214347839355
          }
        },
        "wis": 2.7261149215698244,
        "pit": {
          "mean": 0.5204766462480858,
          "std": 0.24083758087547913,
          "n_obs": 653,
          "n_bins": 10,
          "counts": [
            42,
            34,
            58,
            61,
            84,
            109,
            104,
            76,
            58,
            27
          ],
          "bin_edges": [
            0.0,
            0.1,
            0.2,
            0.30000000000000004,
            0.4,
            0.5,
            0.6000000000000001,
            0.7000000000000001,
            0.8,
            0.9,
            1.0
          ],
          "max_abs_dev_from_uniform": 0.0669218989280245
        }
      },
      "crps": {
        "mean_crps": 4.195921399519858,
        "n_obs": 653
      },
      "ppc": {
        "summary": {
          "mean": {
            "observed": 68.78713989257812,
            "p_value": 0.1415,
            "mc_se": 0.0055108472579087145
          },
          "sd": {
            "observed": 10.832103729248047,
            "p_value": 0.40275,
            "mc_se": 0.007754715299416221
          },
          "skewness": {
            "observed": -2.081357479095459,
            "p_value": 1.0,
            "mc_se": 0.0
          },
          "min": {
            "observed": 3.0,
            "p_value": 0.99925,
            "mc_se": 0.00043285029167138965
          },
          "max": {
            "observed": 88.0,
            "p_value": 0.995,
            "mc_se": 0.0011152354011597736
          },
          "q10": {
            "observed": 58.0,
            "p_value": 0.0,
            "mc_se": 0.0
          },
          "q50": {
            "observed": 71.0,
            "p_value": 0.00275,
            "mc_se": 0.0008280153229258501
          },
          "q90": {
            "observed": 79.0,
            "p_value": 0.99975,
            "mc_se": 0.00024996874804661704
          }
        },
        "n_samples": 4000,
        "extreme_statistics": [
          "skewness",
          "min",
          "max",
          "q10",
          "q50",
          "q90"
        ]
      },
      "prediction_interval": {
        "level": 0.95,
        "lower_percentile": 2.500000000000002,
        "upper_percentile": 97.5
      },
      "n_test": 653,
      "info_criteria": {
        "heldout_elpd": {
          "elpd": -2263.9856383409638,
          "se": 31.249793001884207,
          "n_obs": 653,
          "elpd_per_obs": -3.4670530449325634
        },
        "method": "heldout_lppd",
        "scale": "score",
        "latents_marginalized": true
      },
      "residual_autocorrelation": {
        "lag1_acf": null,
        "n_pairs": 0,
        "n_entities_multi": 0
      },
      "stratified_by_history": [
        {
          "train_albums_bin": "1-2",
          "n": 124,
          "rmse": 6.054148197174072,
          "r2": 0.49570117472870456,
          "coverage": 0.9758064516129032,
          "mean_interval_width": 31.43698501586914,
          "interval": 0.95
        },
        {
          "train_albums_bin": "3-5",
          "n": 262,
          "rmse": 7.097257614135742,
          "r2": 0.4462538121917691,
          "coverage": 0.9618320610687023,
          "mean_interval_width": 32.58578872680664,
          "interval": 0.95
        },
        {
          "train_albums_bin": "6-10",
          "n": 180,
          "rmse": 8.97224235534668,
          "r2": 0.3764046894061871,
          "coverage": 0.9722222222222222,
          "mean_interval_width": 34.953834533691406,
          "interval": 0.95
        },
        {
          "train_albums_bin": "11+",
          "n": 87,
          "rmse": 11.091407775878906,
          "r2": 0.3956355579976224,
          "coverage": 0.9310344827586207,
          "mean_interval_width": 38.92043685913086,
          "interval": 0.95
        }
      ]
    },
    "entity_disjoint": {
      "point_metrics": {
        "mae": 7.3435444831848145,
        "rmse": 10.505636215209961,
        "r2": 0.059534549713134766,
        "median_ae": 5.645774841308594,
        "n_observations": 799,
        "mean_bias": 0.7882592082023621
      },
      "calibration": {
        "coverages": {
          "0.80": {
            "nominal": 0.8,
            "empirical": 0.7972465581977471,
            "interval_width": 20.86543083190918,
            "abs_error": 0.0027534418022528984,
            "within_tolerance": true
          },
          "0.95": {
            "nominal": 0.95,
            "empirical": 0.9211514392991239,
            "interval_width": 31.3043212890625,
            "abs_error": 0.028848560700876047,
            "within_tolerance": true
          }
        },
        "coverage_tolerance": 0.03,
        "within_tolerance": true,
        "interval_scores": {
          "0.80": {
            "mean_score": 36.278263092041016,
            "sharpness": 20.86543083190918,
            "penalty": 15.412834167480469
          },
          "0.95": {
            "mean_score": 62.8615837097168,
            "sharpness": 31.3043212890625,
            "penalty": 31.557268142700195
          }
        },
        "wis": 3.5335874748229985,
        "pit": {
          "mean": 0.5064250625782228,
          "std": 0.2897904104115882,
          "n_obs": 799,
          "n_bins": 10,
          "counts": [
            101,
            65,
            59,
            55,
            78,
            86,
            109,
            112,
            73,
            61
          ],
          "bin_edges": [
            0.0,
            0.1,
            0.2,
            0.30000000000000004,
            0.4,
            0.5,
            0.6000000000000001,
            0.7000000000000001,
            0.8,
            0.9,
            1.0
          ],
          "max_abs_dev_from_uniform": 0.04017521902377971
        }
      },
      "crps": {
        "mean_crps": 5.341679836248612,
        "n_obs": 799
      },
      "ppc": {
        "summary": {
          "mean": {
            "observed": 69.6971206665039,
            "p_value": 0.825,
            "mc_se": 0.006007807420348958
          },
          "sd": {
            "observed": 10.833054542541504,
            "p_value": 0.0,
            "mc_se": 0.0
          },
          "skewness": {
            "observed": -1.8474830389022827,
            "p_value": 1.0,
            "mc_se": 0.0
          },
          "min": {
            "observed": 9.0,
            "p_value": 1.0,
            "mc_se": 0.0
          },
          "max": {
            "observed": 89.0,
            "p_value": 0.71225,