{
  "title": "panelcast select \u2014 focused 0.11 bake-off (horseshoe, impute_missing)",
  "reference": "shipped defaults (reference arm)",
  "arms": [
    {
      "arm": "79853b4bcf64",
      "knobs": {
        "impute_missing": true
      },
      "elpd_diff": 0.043416738510131836,
      "elpd_dse": 0.03839071033913794,
      "elpd_z": 1.1309178216968296,
      "pit_dev": 0.03415007656967842,
      "cov80": 0.8529862174578867,
      "cov80_delta": 0.052986217457886675,
      "cov95": 0.9601837672281777,
      "cov95_delta": 0.01018376722817771,
      "ppc_pinned": 4,
      "ppc_pinned_names": [
        "skewness",
        "max",
        "q10",
        "q90"
      ],
      "converged": false,
      "rhat_max": 1.01,
      "ess_bulk_min": 693.0,
      "divergences": 0,
      "wall_clock_seconds": 5157.253081272007,
      "expected_gb": 1.889,
      "actual_peak_gb": 1.482,
      "resource_ratio": 0.785,
      "notes": []
    },
    {
      "arm": "750f957a8c71",
      "knobs": {},
      "elpd_diff": 0.0,
      "elpd_dse": 0.0,
      "elpd_z": 0.0,
      "pit_dev": 0.03415007656967842,
      "cov80": 0.8529862174578867,
      "cov80_delta": 0.052986217457886675,
      "cov95": 0.9601837672281777,
      "cov95_delta": 0.01018376722817771,
      "ppc_pinned": 4,
      "ppc_pinned_names": [
        "skewness",
        "max",
        "q10",
        "q90"
      ],
      "converged": false,
      "rhat_max": 1.01,
      "ess_bulk_min": 725.0,
      "divergences": 0,
      "wall_clock_seconds": 5339.292546048993,
      "expected_gb": 1.889,
      "actual_peak_gb": 1.482,
      "resource_ratio": 0.785,
      "notes": [
        "paired diff identically zero (arm matches the reference)"
      ]
    },
    {
      "arm": "d68348ed63f3",
      "knobs": {
        "beta_prior_type": "horseshoe"
      },
      "elpd_diff": -0.2641735076904297,
      "elpd_dse": 1.5445926796117027,
      "elpd_z": -0.1710311794024821,
      "pit_dev": 0.032618683001531396,
      "cov80": 0.8483920367534457,
      "cov80_delta": 0.04839203675344561,
      "cov95": 0.9601837672281777,
      "cov95_delta": 0.01018376722817771,
      "ppc_pinned": 4,
      "ppc_pinned_names": [
        "skewness",
        "max",
        "q10",
        "q90"
      ],
      "converged": false,
      "rhat_max": 1.01,
      "ess_bulk_min": 829.0,
      "divergences": 53,
      "wall_clock_seconds": 1945.0507361650089,
      "expected_gb": 1.889,
      "actual_peak_gb": 1.484,
      "resource_ratio": 0.786,
      "notes": []
    }
  ],
  "verdict": "**Verdict:** 79853b4bcf64 leads: +0.0 +/- 0.0 held-out ELPD (z +1.13) vs shipped defaults (reference arm). 79853b4bcf64 failed the convergence gate (rhat 1.010, ess 693, div 0) \u2014 treat its score as diagnostic-scale. 750f957a8c71 failed the convergence gate (rhat 1.010, ess 725, div 0) \u2014 treat its score as diagnostic-scale. d68348ed63f3 failed the convergence gate (rhat 1.010, ess 829, div 53) \u2014 treat its score as diagnostic-scale.",
  "baseline_floor": null
}