{"predicted_probs": [0.05, 0.15, 0.25, 0.35, 0.44999999999999996, 0.5499999999999999, 0.65, 0.75, 0.85, 0.95], "observed_freq": [0.15018773466833543, 0.27409261576971217, 0.33917396745932415, 0.40801001251564456, 0.4806007509386733, 0.5594493116395495, 0.6570713391739674, 0.7659574468085106, 0.8823529411764706, 0.9762202753441802], "counts": [799, 799, 799, 799, 799, 799, 799, 799, 799, 799], "bin_edges": [0.0, 0.1, 0.2, 0.30000000000000004, 0.4, 0.5, 0.6000000000000001, 0.7000000000000001, 0.8, 0.9, 1.0]}