{
  "schema_version": 2,
  "model": "user_score",
  "model_path": "models/user_score_20260627_190458.nc",
  "primary_split": "within_entity_temporal",
  "splits": {
    "within_entity_temporal": {
      "point_metrics": {
        "mae": 5.629345417022705,
        "rmse": 8.266974449157715,
        "r2": 0.417538046836853,
        "median_ae": 4.151390075683594,
        "n_observations": 653,
        "mean_bias": 0.5220004320144653
      },
      "calibration": {
        "coverages": {
          "0.80": {
            "nominal": 0.8,
            "empirical": 0.8529862174578867,
            "interval_width": 19.42147445678711,
            "abs_error": 0.052986217457886675,
            "within_tolerance": false
          },
          "0.95": {
            "nominal": 0.95,
            "empirical": 0.9540581929555896,
            "interval_width": 32.88873291015625,
            "abs_error": 0.0040581929555896235,
            "within_tolerance": true
          }
        },
        "coverage_tolerance": 0.03,
        "within_tolerance": false,
        "interval_scores": {
          "0.80": {
            "mean_score": 29.232057571411133,
            "sharpness": 19.42147445678711,
            "penalty": 9.810585021972656
          },
          "0.95": {
            "mean_score": 48.46772003173828,
            "sharpness": 32.88873291015625,
            "penalty": 15.578985214233398
          }
        },
        "wis": 2.7793615722656253,
        "pit": {
          "mean": 0.5049862174578866,
          "std": 0.26610109055013487,
          "n_obs": 653,
          "n_bins": 10,
          "counts": [
            67,
            45,
            56,
            48,
            80,
            84,
            97,
            75,
            72,
            29
          ],
          "bin_edges": [
            0.0,
            0.1,
            0.2,
            0.30000000000000004,
            0.4,
            0.5,
            0.6000000000000001,
            0.7000000000000001,
            0.8,
            0.9,
            1.0
          ],
          "max_abs_dev_from_uniform": 0.055589586523736606
        }
      },
      "crps": {
        "mean_crps": 4.196860811098399,
        "n_obs": 653
      },
      "ppc": {
        "summary": {
          "mean": {
            "observed": 68.78713989257812,
            "p_value": 0.888,
            "mc_se": 0.004986381453519175
          },
          "sd": {
            "observed": 10.832103729248047,
            "p_value": 0.1155,
            "mc_se": 0.005053705323819346
          },
          "skewness": {
            "observed": -2.081357479095459,
            "p_value": 0.99025,
            "mc_se": 0.0015536197652578987
          },
          "min": {
            "observed": 3.0,
            "p_value": 0.903,
            "mc_se": 0.004679503178757334
          },
          "max": {
            "observed": 88.0,
            "p_value": 1.0,
            "mc_se": 0.0
          },
          "q10": {
            "observed": 58.0,
            "p_value": 0.084,
            "mc_se": 0.004385886455438627
          },
          "q50": {
            "observed": 71.0,
            "p_value": 0.0085,
            "mc_se": 0.0014515293658758682
          },
          "q90": {
            "observed": 79.0,
            "p_value": 1.0,
            "mc_se": 0.0
          }
        },
        "n_samples": 4000,
        "extreme_statistics": [
          "skewness",
          "max",
          "q50",
          "q90"
        ]
      },
      "prediction_interval": {
        "level": 0.95,
        "lower_percentile": 2.500000000000002,
        "upper_percentile": 97.5
      },
      "n_test": 653,
      "info_criteria": {
        "loo": {
          "elpd": -2491.008201599121,
          "se": 29.05391556738063,
          "p": 261.0638942718506,
          "pareto_k_max": 0.5505313637509422,
          "pareto_k_gt_0_7": 0
        },
        "waic": {
          "elpd": -2488.370363848284,
          "se": 29.28483358600459,
          "p": 258.4260559082031
        },
        "scale": "score",
        "latents_marginalized": true
      },
      "residual_autocorrelation": {
        "lag1_acf": null,
        "n_pairs": 0,
        "n_entities_multi": 0
      },
      "stratified_by_history": [
        {
          "train_albums_bin": "1-2",
          "n": 124,
          "rmse": 6.122864246368408,
          "r2": 0.484188373987017,
          "coverage": 0.9758064516129032,
          "mean_interval_width": 30.830303192138672,
          "interval": 0.95
        },
        {
          "train_albums_bin": "3-5",
          "n": 262,
          "rmse": 7.241290092468262,
          "r2": 0.42355017882697177,
          "coverage": 0.950381679389313,
          "mean_interval_width": 31.882991790771484,
          "interval": 0.95
        },
        {
          "train_albums_bin": "6-10",
          "n": 180,
          "rmse": 9.010592460632324,
          "r2": 0.37106238538186653,
          "coverage": 0.9666666666666667,
          "mean_interval_width": 33.64949035644531,
          "interval": 0.95
        },
        {
          "train_albums_bin": "11+",
          "n": 87,
          "rmse": 11.560212135314941,
          "r2": 0.3434661030698023,
          "coverage": 0.9080459770114943,
          "mean_interval_width": 37.27741241455078,
          "interval": 0.95
        }
      ]
    },
    "entity_disjoint": {
      "point_metrics": {
        "mae": 7.191292762756348,
        "rmse": 10.807143211364746,
        "r2": 0.004778146743774414,
        "median_ae": 4.669700622558594,
        "n_observations": 799,
        "mean_bias": 2.756298065185547
      },
      "calibration": {
        "coverages": {
          "0.80": {
            "nominal": 0.8,
            "empirical": 0.7021276595744681,
            "interval_width": 16.41619110107422,
            "abs_error": 0.09787234042553195,
            "within_tolerance": false
          },
          "0.95": {
            "nominal": 0.95,
            "empirical": 0.8936170212765957,
            "interval_width": 29.52986717224121,
            "abs_error": 0.05638297872340425,
            "within_tolerance": false
          }
        },
        "coverage_tolerance": 0.03,
        "within_tolerance": false,
        "interval_scores": {
          "0.80": {
            "mean_score": 39.59713363647461,
            "sharpness": 16.41619110107422,
            "penalty": 23.180944442749023
          },
          "0.95": {
            "mean_score": 73.47382354736328,
            "sharpness": 29.52986717224121,
            "penalty": 43.9439582824707
          }
        },
        "wis": 3.7565208816528326,
        "pit": {
          "mean": 0.4534938986232791,
          "std": 0.3152354941823715,
          "n_obs": 799,
          "n_bins": 10,
          "counts": [
            178,
            63,
            54,
            59,
            58,
            71,
            84,
            95,
            77,
            60
          ],
          "bin_edges": [
            0.0,
            0.1,
            0.2,
            0.30000000000000004,
            0.4,
            0.5,
            0.6000000000000001,
            0.7000000000000001,
            0.8,
            0.9,
            1.0
          ],
          "max_abs_dev_from_uniform": 0.1227784730913642
        }
      },
      "crps": {
        "mean_crps": 5.46698895407672,
        "n_obs": 799
      },
      "ppc": {
        "summary": {
          "mean": {
            "observed": 69.6971206665039,
            "p_value": 1.0,
            "mc_se": 0.0
          },
          "sd": {
            "observed": 10.833054542541504,
            "p_value": 0.0015,
            "mc_se": 0.0006119129840099816
          },
          "skewness": {
            "observed": -1.8474830389022827,
            "p_value": 0.97075,
            "mc_se": 0.00266432155998483
          },
          "min": {
            "observed": 9.0,
            "p_value": 0.88825,