{
  "schema_version": 2,
  "model": "user_score",
  "model_path": "models/user_score_20260627_202740.nc",
  "primary_split": "within_entity_temporal",
  "splits": {
    "within_entity_temporal": {
      "point_metrics": {
        "mae": 5.6624956130981445,
        "rmse": 8.189318656921387,
        "r2": 0.42842936515808105,
        "median_ae": 4.189361572265625,
        "n_observations": 653,
        "mean_bias": 0.003087661461904645
      },
      "calibration": {
        "coverages": {
          "0.80": {
            "nominal": 0.8,
            "empirical": 0.8621745788667687,
            "interval_width": 19.98908042907715,
            "abs_error": 0.06217457886676869,
            "within_tolerance": false
          },
          "0.95": {
            "nominal": 0.95,
            "empirical": 0.9586523736600306,
            "interval_width": 33.42188262939453,
            "abs_error": 0.008652373660030688,
            "within_tolerance": true
          }
        },
        "coverage_tolerance": 0.03,
        "within_tolerance": false,
        "interval_scores": {
          "0.80": {
            "mean_score": 28.334590911865234,
            "sharpness": 19.98908042907715,
            "penalty": 8.345511436462402
          },
          "0.95": {
            "mean_score": 44.15565872192383,
            "sharpness": 33.42188262939453,
            "penalty": 10.733771324157715
          }
        },
        "wis": 2.6921507072448736,
        "pit": {
          "mean": 0.5050049770290964,
          "std": 0.26264380672949605,
          "n_obs": 653,
          "n_bins": 10,
          "counts": [
            57,
            52,
            56,
            58,
            79,
            90,
            85,
            76,
            67,
            33
          ],
          "bin_edges": [
            0.0,
            0.1,
            0.2,
            0.30000000000000004,
            0.4,
            0.5,
            0.6000000000000001,
            0.7000000000000001,
            0.8,
            0.9,
            1.0
          ],
          "max_abs_dev_from_uniform": 0.04946401225114855
        }
      },
      "crps": {
        "mean_crps": 4.132688844977311,
        "n_obs": 653
      },
      "ppc": {
        "summary": {
          "mean": {
            "observed": 68.78713989257812,
            "p_value": 0.50875,
            "mc_se": 0.007904483498306516
          },
          "sd": {
            "observed": 10.832103729248047,
            "p_value": 0.29575,
            "mc_se": 0.007215988108014037
          },
          "skewness": {
            "observed": -2.081357479095459,
            "p_value": 1.0,
            "mc_se": 0.0
          },
          "min": {
            "observed": 3.0,
            "p_value": 0.959,
            "mc_se": 0.0031352432122564284
          },
          "max": {
            "observed": 88.0,
            "p_value": 0.99925,
            "mc_se": 0.00043285029167138965
          },
          "q10": {
            "observed": 58.0,
            "p_value": 0.00275,
            "mc_se": 0.0008280153229258501
          },
          "q50": {
            "observed": 71.0,
            "p_value": 0.05875,
            "mc_se": 0.0037181459593458675
          },
          "q90": {
            "observed": 79.0,
            "p_value": 0.9995,
            "mc_se": 0.00035346499119429955
          }
        },
        "n_samples": 4000,
        "extreme_statistics": [
          "skewness",
          "max",
          "q10",
          "q90"
        ]
      },
      "prediction_interval": {
        "level": 0.95,
        "lower_percentile": 2.500000000000002,
        "upper_percentile": 97.5
      },
      "n_test": 653,
      "info_criteria": {
        "loo": {
          "elpd": -2425.6249570846558,
          "se": 26.87339068767577,
          "p": 220.1194305419922,
          "pareto_k_max": 0.7361644294810783,
          "pareto_k_gt_0_7": 1
        },
        "waic": {
          "elpd": -2423.732469683513,
          "se": 27.10076139635596,
          "p": 218.22694396972656
        },
        "scale": "score",
        "latents_marginalized": true
      },
      "residual_autocorrelation": {
        "lag1_acf": null,
        "n_pairs": 0,
        "n_entities_multi": 0
      },
      "stratified_by_history": [
        {
          "train_albums_bin": "1-2",
          "n": 124,
          "rmse": 5.92014741897583,
          "r2": 0.5177781035735973,
          "coverage": 0.9758064516129032,
          "mean_interval_width": 29.971975326538086,
          "interval": 0.95
        },
        {
          "train_albums_bin": "3-5",
          "n": 262,
          "rmse": 7.1058549880981445,
          "r2": 0.4449114011147737,
          "coverage": 0.9580152671755725,
          "mean_interval_width": 31.724632263183594,
          "interval": 0.95
        },
        {
          "train_albums_bin": "6-10",
          "n": 180,
          "rmse": 8.95323371887207,
          "r2": 0.37904415306098604,
          "coverage": 0.9666666666666667,
          "mean_interval_width": 34.860347747802734,
          "interval": 0.95
        },
        {
          "train_albums_bin": "11+",
          "n": 87,
          "rmse": 11.640865325927734,
          "r2": 0.3342731516187105,
          "coverage": 0.9195402298850575,
          "mean_interval_width": 40.474124908447266,
          "interval": 0.95
        }
      ]
    },
    "entity_disjoint": {
      "point_metrics": {
        "mae": 7.004232406616211,
        "rmse": 10.274617195129395,
        "r2": 0.10044151544570923,
        "median_ae": 5.0135498046875,
        "n_observations": 799,
        "mean_bias": 1.3473628759384155
      },
      "calibration": {
        "coverages": {
          "0.80": {
            "nominal": 0.8,
            "empirical": 0.8460575719649562,
            "interval_width": 28.85023307800293,
            "abs_error": 0.04605757196495619,
            "within_tolerance": false
          },
          "0.95": {
            "nominal": 0.95,
            "empirical": 0.9586983729662077,
            "interval_width": 43.16543197631836,
            "abs_error": 0.00869837296620779,
            "within_tolerance": true
          }
        },
        "coverage_tolerance": 0.03,
        "within_tolerance": false,
        "interval_scores": {
          "0.80": {
            "mean_score": 39.66907501220703,
            "sharpness": 28.85023307800293,
            "penalty": 10.818840026855469
          },
          "0.95": {
            "mean_score": 59.64692306518555,
            "sharpness": 43.16543197631836,
            "penalty": 16.481491088867188
          }
        },
        "wis": 3.626902885437012,
        "pit": {
          "mean": 0.4738160200250312,
          "std": 0.25553435161637195,
          "n_obs": 799,
          "n_bins": 10,
          "counts": [
            82,
            64,
            66,
            91,
            118,
            110,
            99,
            83,
            45,
            41
          ],
          "bin_edges": [
            0.0,
            0.1,
            0.2,
            0.30000000000000004,
            0.4,
            0.5,
            0.6000000000000001,
            0.7000000000000001,
            0.8,
            0.9,
            1.0
          ],
          "max_abs_dev_from_uniform": 0.04868585732165207
        }
      },
      "crps": {
        "mean_crps": 5.592404788172159,
        "n_obs": 799
      },
      "ppc": {
        "summary": {
          "mean": {
            "observed": 69.6971206665039,
            "p_value": 0.5975,
            "mc_se": 0.007753930454937032
          },
          "sd": {
            "observed": 10.833054542541504,
            "p_value": 0.275,
            "mc_se": 0.0070600106232214695
          },
          "skewness": {
            "observed": -1.8474830389022827,
            "p_value": 0.9925,
            "mc_se": 0.0013641618305758258
          },
          "min": {
            "observed": 9.0,