{"predicted_probs": [0.05, 0.15, 0.25, 0.35, 0.44999999999999996, 0.5499999999999999, 0.65, 0.75, 0.85, 0.95], "observed_freq": [0.06584992343032159, 0.12863705972434916, 0.22052067381316998, 0.29249617151607965, 0.3889739663093415, 0.5114854517611026, 0.6569678407350689, 0.7963246554364471, 0.9081163859111792, 0.9831546707503829], "counts": [653, 653, 653, 653, 653, 653, 653, 653, 653, 653], "bin_edges": [0.0, 0.1, 0.2, 0.30000000000000004, 0.4, 0.5, 0.6000000000000001, 0.7000000000000001, 0.8, 0.9, 1.0]}