{
  "schema_version": 2,
  "model": "user_score",
  "model_path": "models/user_score_20260703_055337.nc",
  "primary_split": "within_entity_temporal",
  "splits": {
    "within_entity_temporal": {
      "point_metrics": {
        "mae": 5.757258892059326,
        "rmse": 8.349921226501465,
        "r2": 0.40579110383987427,
        "median_ae": 4.1845245361328125,
        "n_observations": 653,
        "mean_bias": 0.07580967247486115
      },
      "calibration": {
        "coverages": {
          "0.80": {
            "nominal": 0.8,
            "empirical": 0.8698315467075038,
            "interval_width": 21.278772354125977,
            "abs_error": 0.0698315467075038,
            "within_tolerance": false
          },
          "0.95": {
            "nominal": 0.95,
            "empirical": 0.9601837672281777,
            "interval_width": 34.272987365722656,
            "abs_error": 0.01018376722817771,
            "within_tolerance": true
          }
        },
        "coverage_tolerance": 0.03,
        "within_tolerance": false,
        "interval_scores": {
          "0.80": {
            "mean_score": 28.998821258544922,
            "sharpness": 21.278772354125977,
            "penalty": 7.720047950744629
          },
          "0.95": {
            "mean_score": 45.41819763183594,
            "sharpness": 34.272987365722656,
            "penalty": 11.145204544067383
          }
        },
        "wis": 2.7500751876831058,
        "pit": {
          "mean": 0.49865773353751913,
          "std": 0.2555652497228835,
          "n_obs": 653,
          "n_bins": 10,
          "counts": [
            51,
            48,
            67,
            61,
            85,
            107,
            75,
            65,
            60,
            34
          ],
          "bin_edges": [
            0.0,
            0.1,
            0.2,
            0.30000000000000004,
            0.4,
            0.5,
            0.6000000000000001,
            0.7000000000000001,
            0.8,
            0.9,
            1.0
          ],
          "max_abs_dev_from_uniform": 0.06385911179173048
        }
      },
      "crps": {
        "mean_crps": 4.235691299231595,
        "n_obs": 653
      },
      "ppc": {
        "summary": {
          "mean": {
            "observed": 68.78713989257812,
            "p_value": 0.578,
            "mc_se": 0.011043459602859965
          },
          "sd": {
            "observed": 10.832103729248047,
            "p_value": 0.415,
            "mc_se": 0.011017599557072311
          },
          "skewness": {
            "observed": -2.081357479095459,
            "p_value": 1.0,
            "mc_se": 0.0
          },
          "min": {
            "observed": 3.0,
            "p_value": 0.9715,
            "mc_se": 0.003720735814324901
          },
          "max": {
            "observed": 88.0,
            "p_value": 0.9995,
            "mc_se": 0.000499874984371065
          },
          "q10": {
            "observed": 58.0,
            "p_value": 0.001,
            "mc_se": 0.0007067531393633848
          },
          "q50": {
            "observed": 71.0,
            "p_value": 0.076,
            "mc_se": 0.005925537950262406
          },
          "q90": {
            "observed": 79.0,
            "p_value": 1.0,
            "mc_se": 0.0
          }
        },
        "n_samples": 2000,
        "extreme_statistics": [
          "skewness",
          "max",
          "q10",
          "q90"
        ]
      },
      "prediction_interval": {
        "level": 0.95,
        "lower_percentile": 2.500000000000002,
        "upper_percentile": 97.5
      },
      "n_test": 653,
      "info_criteria": {
        "heldout_elpd": {
          "elpd": -2227.989503873033,
          "se": 21.143125433917117,
          "n_obs": 653,
          "elpd_per_obs": -3.4119287961302187
        },
        "method": "heldout_lppd",
        "scale": "score",
        "latents_marginalized": true
      },
      "residual_autocorrelation": {
        "lag1_acf": null,
        "n_pairs": 0,
        "n_entities_multi": 0
      },
      "stratified_by_history": [
        {
          "train_albums_bin": "1-2",
          "n": 124,
          "rmse": 6.797898769378662,
          "r2": 0.3641842650588101,
          "coverage": 0.967741935483871,
          "mean_interval_width": 30.491260528564453,
          "interval": 0.95
        },
        {
          "train_albums_bin": "3-5",
          "n": 262,
          "rmse": 7.033145427703857,
          "r2": 0.4562129608701574,
          "coverage": 0.9618320610687023,
          "mean_interval_width": 31.988567352294922,
          "interval": 0.95
        },
        {
          "train_albums_bin": "6-10",
          "n": 180,
          "rmse": 9.298494338989258,
          "r2": 0.33022941530189587,
          "coverage": 0.9666666666666667,
          "mean_interval_width": 36.069602966308594,
          "interval": 0.95
        },
        {
          "train_albums_bin": "11+",
          "n": 87,
          "rmse": 11.383942604064941,
          "r2": 0.36333507628376793,
          "coverage": 0.9310344827586207,
          "mean_interval_width": 42.82542419433594,
          "interval": 0.95
        }
      ]
    },
    "entity_disjoint": {
      "point_metrics": {
        "mae": 7.220193862915039,
        "rmse": 10.413546562194824,
        "r2": 0.07594996690750122,
        "median_ae": 5.2862091064453125,
        "n_observations": 799,
        "mean_bias": 1.037037968635559
      },
      "calibration": {
        "coverages": {
          "0.80": {
            "nominal": 0.8,
            "empirical": 0.7709637046307884,
            "interval_width": 19.569711685180664,
            "abs_error": 0.029036295369211595,
            "within_tolerance": true
          },
          "0.95": {
            "nominal": 0.95,
            "empirical": 0.9236545682102628,
            "interval_width": 32.1152458190918,
            "abs_error": 0.02634543178973714,
            "within_tolerance": true
          }
        },
        "coverage_tolerance": 0.03,
        "within_tolerance": true,
        "interval_scores": {
          "0.80": {
            "mean_score": 36.070919036865234,
            "sharpness": 19.569711685180664,
            "penalty": 16.501205444335938
          },
          "0.95": {
            "mean_score": 60.89222717285156,
            "sharpness": 32.1152458190918,
            "penalty": 28.776981353759766
          }
        },
        "wis": 3.4810820388793946,
        "pit": {
          "mean": 0.4954987484355444,
          "std": 0.2974944020860329,
          "n_obs": 799,
          "n_bins": 10,
          "counts": [
            116,
            67,
            64,
            58,
            67,
            88,
            96,
            95,
            81,
            67
          ],
          "bin_edges": [
            0.0,
            0.1,
            0.2,
            0.30000000000000004,
            0.4,
            0.5,
            0.6000000000000001,
            0.7000000000000001,
            0.8,
            0.9,
            1.0
          ],
          "max_abs_dev_from_uniform": 0.045181476846057556
        }
      },
      "crps": {
        "mean_crps": 5.277340241758235,
        "n_obs": 799
      },
      "ppc": {
        "summary": {
          "mean": {
            "observed": 69.6971206665039,
            "p_value": 0.619,
            "mc_se": 0.010859074546203282
          },
          "sd": {
            "observed": 10.833054542541504,
            "p_value": 0.0,
            "mc_se": 0.0
          },
          "skewness": {
            "observed": -1.8474830389022827,
            "p_value": 0.957,
            "mc_se": 0.004536022486716751
          },
          "min": {
            "observed": 9.0,
            "p_value": 0.909,
            "mc_se": 0.0064311352030570765
          },
          "max": {
            "observed": 89.0,
            "p_value": 0.944,