{
  "n_test": 653,
  "n_draws": 20000,
  "posterior_mean": {
    "mae": 5.660253524780273,
    "median_ae": 4.209815979003906,
    "rmse": 8.188448905944824,
    "r2": 0.42855070782084015,
    "mean_bias": -0.008151383139193058
  },
  "posterior_median": {
    "mae": 5.584362506866455,
    "median_ae": 4.0130767822265625,
    "rmse": 8.182624816894531,
    "r2": 0.4293633181215105,
    "mean_bias": -0.6111178398132324
  },
  "archived_point_metrics": {
    "mae": 5.660253524780273,
    "rmse": 8.188447952270508,
    "r2": 0.4285508394241333,
    "median_ae": 4.209815979003906,
    "n_observations": 653,
    "mean_bias": 0.00815114937722683
  }
}