{
  "schema_version": 2,
  "model": "user_score",
  "model_path": "models/user_score_20260703_051045.nc",
  "primary_split": "within_entity_temporal",
  "splits": {
    "within_entity_temporal": {
      "point_metrics": {
        "mae": 5.304874897003174,
        "rmse": 7.65411376953125,
        "r2": 0.5006968975067139,
        "median_ae": 3.9770736694335938,
        "n_observations": 653,
        "mean_bias": 0.00721674133092165
      },
      "calibration": {
        "coverages": {
          "0.80": {
            "nominal": 0.8,
            "empirical": 0.8499234303215927,
            "interval_width": 17.967355728149414,
            "abs_error": 0.04992343032159263,
            "within_tolerance": false
          },
          "0.95": {
            "nominal": 0.95,
            "empirical": 0.9617151607963247,
            "interval_width": 31.452550888061523,
            "abs_error": 0.01171516079632473,
            "within_tolerance": true
          }
        },
        "coverage_tolerance": 0.03,
        "within_tolerance": false,
        "interval_scores": {
          "0.80": {
            "mean_score": 26.202186584472656,
            "sharpness": 17.967355728149414,
            "penalty": 8.234830856323242
          },
          "0.95": {
            "mean_score": 42.71815490722656,
            "sharpness": 31.452550888061523,
            "penalty": 11.265605926513672
          }
        },
        "wis": 2.5264603424072267,
        "pit": {
          "mean": 0.5038047473200613,
          "std": 0.2711296891787872,
          "n_obs": 653,
          "n_bins": 10,
          "counts": [
            52,
            62,
            64,
            64,
            68,
            80,
            77,
            79,
            61,
            46
          ],
          "bin_edges": [
            0.0,
            0.1,
            0.2,
            0.30000000000000004,
            0.4,
            0.5,
            0.6000000000000001,
            0.7000000000000001,
            0.8,
            0.9,
            1.0
          ],
          "max_abs_dev_from_uniform": 0.029555895865237367
        }
      },
      "crps": {
        "mean_crps": 3.8665763720187454,
        "n_obs": 653
      },
      "ppc": {
        "summary": {
          "mean": {
            "observed": 68.78713989257812,
            "p_value": 0.517,
            "mc_se": 0.011173875782377394
          },
          "sd": {
            "observed": 10.832103729248047,
            "p_value": 0.544,
            "mc_se": 0.011136965475388706
          },
          "skewness": {
            "observed": -2.081357479095459,
            "p_value": 1.0,
            "mc_se": 0.0
          },
          "min": {
            "observed": 3.0,
            "p_value": 0.9565,
            "mc_se": 0.004561126505590477
          },
          "max": {
            "observed": 88.0,
            "p_value": 0.9995,
            "mc_se": 0.000499874984371065
          },
          "q10": {
            "observed": 58.0,
            "p_value": 0.0025,
            "mc_se": 0.001116635571706365
          },
          "q50": {
            "observed": 71.0,
            "p_value": 0.08,
            "mc_se": 0.00606630035524124
          },
          "q90": {
            "observed": 79.0,
            "p_value": 0.9985,
            "mc_se": 0.0008653756409790912
          }
        },
        "n_samples": 2000,
        "extreme_statistics": [
          "skewness",
          "max",
          "q10",
          "q90"
        ]
      },
      "prediction_interval": {
        "level": 0.95,
        "lower_percentile": 2.500000000000002,
        "upper_percentile": 97.5
      },
      "n_test": 653,
      "info_criteria": {
        "heldout_elpd": {
          "elpd": -2164.573778165025,
          "se": 22.39280011688913,
          "n_obs": 653,
          "elpd_per_obs": -3.3148143616616004
        },
        "method": "heldout_lppd",
        "scale": "score",
        "latents_marginalized": true
      },
      "residual_autocorrelation": {
        "lag1_acf": null,
        "n_pairs": 0,
        "n_entities_multi": 0
      },
      "stratified_by_history": [
        {
          "train_albums_bin": "1-2",
          "n": 124,
          "rmse": 5.841769218444824,
          "r2": 0.5304620355404952,
          "coverage": 0.9758064516129032,
          "mean_interval_width": 29.79058074951172,
          "interval": 0.95
        },
        {
          "train_albums_bin": "3-5",
          "n": 262,
          "rmse": 6.77575159072876,
          "r2": 0.49528687137455585,
          "coverage": 0.9732824427480916,
          "mean_interval_width": 30.96116065979004,
          "interval": 0.95
        },
        {
          "train_albums_bin": "6-10",
          "n": 180,
          "rmse": 8.677711486816406,
          "r2": 0.4166741194545165,
          "coverage": 0.95,
          "mean_interval_width": 32.393646240234375,
          "interval": 0.95
        },
        {
          "train_albums_bin": "11+",
          "n": 87,
          "rmse": 9.850335121154785,
          "r2": 0.5233192871601096,
          "coverage": 0.9310344827586207,
          "mean_interval_width": 33.354042053222656,
          "interval": 0.95
        }
      ]
    },
    "entity_disjoint": {
      "point_metrics": {
        "mae": 6.938270568847656,
        "rmse": 10.243097305297852,
        "r2": 0.1059522032737732,
        "median_ae": 4.7967376708984375,
        "n_observations": 799,
        "mean_bias": 1.313381552696228
      },
      "calibration": {
        "coverages": {
          "0.80": {
            "nominal": 0.8,
            "empirical": 0.853566958698373,
            "interval_width": 29.184288024902344,
            "abs_error": 0.05356695869837291,
            "within_tolerance": false
          },
          "0.95": {
            "nominal": 0.95,
            "empirical": 0.9637046307884856,
            "interval_width": 43.88567352294922,
            "abs_error": 0.013704630788485606,
            "within_tolerance": true
          }
        },
        "coverage_tolerance": 0.03,
        "within_tolerance": false,
        "interval_scores": {
          "0.80": {
            "mean_score": 39.24101257324219,
            "sharpness": 29.184288024902344,
            "penalty": 10.056726455688477
          },
          "0.95": {
            "mean_score": 59.177330017089844,
            "sharpness": 43.88567352294922,
            "penalty": 15.29166316986084
          }
        },
        "wis": 3.6012844467163094,
        "pit": {
          "mean": 0.469665832290363,
          "std": 0.2525386233665887,
          "n_obs": 799,
          "n_bins": 10,
          "counts": [
            77,
            66,
            70,
            94,
            126,
            115,
            98,
            54,
            60,
            39
          ],
          "bin_edges": [
            0.0,
            0.1,
            0.2,
            0.30000000000000004,
            0.4,
            0.5,
            0.6000000000000001,
            0.7000000000000001,
            0.8,
            0.9,
            1.0
          ],
          "max_abs_dev_from_uniform": 0.05769712140175218
        }
      },
      "crps": {
        "mean_crps": 5.5551026272062725,
        "n_obs": 799
      },
      "ppc": {
        "summary": {
          "mean": {
            "observed": 69.6971206665039,
            "p_value": 0.607,
            "mc_se": 0.010921332336304029
          },
          "sd": {
            "observed": 10.833054542541504,
            "p_value": 0.294,
            "mc_se": 0.01018734509084678
          },
          "skewness": {
            "observed": -1.8474830389022827,
            "p_value": 0.9975,
            "mc_se": 0.001116635571706353
          },
          "min": {
            "observed": 9.0,
            "p_value": 0.743,
            "mc_se": 0.009771156533389485
          },
          "max": {
            "observed": 89.0,
            "p_value": 0.991,