{
  "cells": [
    {
      "name": "identity_rw",
      "transform": "identity",
      "latent": "rw",
      "passed": false,
      "rhat_max": 1.01,
      "ess_bulk_min": 787.0,
      "divergences": 0,
      "mae": 5.637099266052246,
      "rmse": 8.267422676086426,
      "r2": 0.4174748659133911,
      "cov95": 0.9571209800918836,
      "pit_dev": 0.055589586523736606,
      "crps": 4.192399364963231,
      "ppc_pinned": 3,
      "ppc_pinned_names": "max,q50,q90",
      "loo_elpd": -2485.7602705955505,
      "loo_se": 29.652611655734752,
      "p_loo": 258.03019762039185,
      "waic_elpd": -2485.432760214433,
      "pareto_k_max": 0.5364865468986306,
      "pareto_k_gt07": 0
    },
    {
      "name": "identity_ar1",
      "transform": "identity",
      "latent": "ar1",
      "passed": false,
      "rhat_max": 1.01,
      "ess_bulk_min": 635.0,
      "divergences": 0,
      "mae": 5.629345417022705,
      "rmse": 8.266974449157715,
      "r2": 0.417538046836853,
      "cov95": 0.9540581929555896,
      "pit_dev": 0.055589586523736606,
      "crps": 4.196860811098399,
      "ppc_pinned": 4,
      "ppc_pinned_names": "skewness,max,q50,q90",
      "loo_elpd": -2491.008201599121,
      "loo_se": 29.05391556738063,
      "p_loo": 261.0638942718506,
      "waic_elpd": -2488.370363848284,
      "pareto_k_max": 0.5505313637509422,
      "pareto_k_gt07": 0
    },
    {
      "name": "offset_logit_rw",
      "transform": "offset_logit",
      "latent": "rw",
      "passed": false,
      "rhat_max": 1.01,
      "ess_bulk_min": 615.0,
      "divergences": 0,
      "mae": 5.6624956130981445,
      "rmse": 8.189318656921387,
      "r2": 0.42842936515808105,
      "cov95": 0.9586523736600306,
      "pit_dev": 0.04946401225114855,
      "crps": 4.132688844977311,
      "ppc_pinned": 4,
      "ppc_pinned_names": "skewness,max,q10,q90",
      "loo_elpd": -2425.6249570846558,
      "loo_se": 26.87339068767577,
      "p_loo": 220.1194305419922,
      "waic_elpd": -2423.732469683513,
      "pareto_k_max": 0.7361644294810783,
      "pareto_k_gt07": 1
    },
    {
      "name": "offset_logit_ar1",
      "transform": "offset_logit",
      "latent": "ar1",
      "passed": false,
      "rhat_max": 1.01,
      "ess_bulk_min": 477.0,
      "divergences": 0,
      "mae": 5.643451690673828,
      "rmse": 8.171748161315918,
      "r2": 0.4308794140815735,
      "cov95": 0.9540581929555896,
      "pit_dev": 0.047932618683001534,
      "crps": 4.131418751631582,
      "ppc_pinned": 4,
      "ppc_pinned_names": "skewness,max,q10,q90",
      "loo_elpd": -2431.731393814087,
      "loo_se": 26.27634752127228,
      "p_loo": 224.41209650039673,
      "waic_elpd": -2428.2966027110815,
      "pareto_k_max": 0.6267253065125088,
      "pareto_k_gt07": 0
    }
  ],
  "pairwise_vs_default": [
    {
      "name": "identity_ar1",
      "elpd_diff": -5.247931003570557,
      "dse": 2.6230459303078537,
      "z": -2.000701147827264
    },
    {
      "name": "offset_logit_rw",
      "elpd_diff": 60.135313510894775,
      "dse": 4.639735354458288,
      "z": 12.960936113114983
    }
  ]
}