{
  "schema_version": 2,
  "model": "user_score",
  "model_path": "models/user_score_20260702_195732.nc",
  "primary_split": "within_entity_temporal",
  "splits": {
    "within_entity_temporal": {
      "point_metrics": {
        "mae": 5.660253524780273,
        "rmse": 8.188447952270508,
        "r2": 0.4285508394241333,
        "median_ae": 4.209815979003906,
        "n_observations": 653,
        "mean_bias": 0.00815114937722683
      },
      "calibration": {
        "coverages": {
          "0.80": {
            "nominal": 0.8,
            "empirical": 0.8637059724349158,
            "interval_width": 19.991098403930664,
            "abs_error": 0.06370597243491571,
            "within_tolerance": false
          },
          "0.95": {
            "nominal": 0.95,
            "empirical": 0.9586523736600306,
            "interval_width": 33.43709945678711,
            "abs_error": 0.008652373660030688,
            "within_tolerance": true
          }
        },
        "coverage_tolerance": 0.03,
        "within_tolerance": false,
        "interval_scores": {
          "0.80": {
            "mean_score": 28.36314582824707,
            "sharpness": 19.991098403930664,
            "penalty": 8.372049331665039
          },
          "0.95": {
            "mean_score": 44.17952346801758,
            "sharpness": 33.43709945678711,
            "penalty": 10.742425918579102
          }
        },
        "wis": 2.69319356918335,
        "pit": {
          "mean": 0.5049794793261868,
          "std": 0.26272310180436054,
          "n_obs": 653,
          "n_bins": 10,
          "counts": [
            57,
            49,
            61,
            57,
            80,
            88,
            83,
            77,
            69,
            32
          ],
          "bin_edges": [
            0.0,
            0.1,
            0.2,
            0.30000000000000004,
            0.4,
            0.5,
            0.6000000000000001,
            0.7000000000000001,
            0.8,
            0.9,
            1.0
          ],
          "max_abs_dev_from_uniform": 0.05099540581929556
        }
      },
      "crps": {
        "mean_crps": 4.132854826065469,
        "n_obs": 653
      },
      "ppc": {
        "summary": {
          "mean": {
            "observed": 68.78713989257812,
            "p_value": 0.5133,
            "mc_se": 0.003534282883414965
          },
          "sd": {
            "observed": 10.832103729248047,
            "p_value": 0.284,
            "mc_se": 0.003188604710527788
          },
          "skewness": {
            "observed": -2.081357479095459,
            "p_value": 1.0,
            "mc_se": 0.0
          },
          "min": {
            "observed": 3.0,
            "p_value": 0.96185,
            "mc_se": 0.0013545216406539988
          },
          "max": {
            "observed": 88.0,
            "p_value": 0.99895,
            "mc_se": 0.00022900846054239955
          },
          "q10": {
            "observed": 58.0,
            "p_value": 0.00325,
            "mc_se": 0.00040245729587125143
          },
          "q50": {
            "observed": 71.0,
            "p_value": 0.0539,
            "mc_se": 0.0015967903744699865
          },
          "q90": {
            "observed": 79.0,
            "p_value": 0.99865,
            "mc_se": 0.0002596321917636527
          }
        },
        "n_samples": 20000,
        "extreme_statistics": [
          "skewness",
          "max",
          "q10",
          "q90"
        ]
      },
      "prediction_interval": {
        "level": 0.95,
        "lower_percentile": 2.500000000000002,
        "upper_percentile": 97.5
      },
      "n_test": 653,
      "info_criteria": {
        "heldout_elpd": {
          "elpd": -2205.3045660199587,
          "se": 21.865477830303114,
          "n_obs": 653,
          "elpd_per_obs": -3.377189228208206
        },
        "method": "heldout_lppd",
        "scale": "score",
        "latents_marginalized": true
      },
      "residual_autocorrelation": {
        "lag1_acf": null,
        "n_pairs": 0,
        "n_entities_multi": 0
      },
      "stratified_by_history": [
        {
          "train_albums_bin": "1-2",
          "n": 124,
          "rmse": 5.928718090057373,
          "r2": 0.5163808837749781,
          "coverage": 0.967741935483871,
          "mean_interval_width": 29.962160110473633,
          "interval": 0.95
        },
        {
          "train_albums_bin": "3-5",
          "n": 262,
          "rmse": 7.110919952392578,
          "r2": 0.44411982890435886,
          "coverage": 0.9618320610687023,
          "mean_interval_width": 31.695035934448242,
          "interval": 0.95
        },
        {
          "train_albums_bin": "6-10",
          "n": 180,
          "rmse": 8.93831729888916,
          "r2": 0.381111629257314,
          "coverage": 0.9666666666666667,
          "mean_interval_width": 34.94740676879883,
          "interval": 0.95
        },
        {
          "train_albums_bin": "11+",
          "n": 87,
          "rmse": 11.644458770751953,
          "r2": 0.33386204545472087,
          "coverage": 0.9195402298850575,
          "mean_interval_width": 40.511329650878906,
          "interval": 0.95
        }
      ]
    },
    "entity_disjoint": {
      "point_metrics": {
        "mae": 7.0104756355285645,
        "rmse": 10.307997703552246,
        "r2": 0.09458696842193604,
        "median_ae": 4.956321716308594,
        "n_observations": 799,
        "mean_bias": 1.4813672304153442
      },
      "calibration": {
        "coverages": {
          "0.80": {
            "nominal": 0.8,
            "empirical": 0.8385481852315394,
            "interval_width": 28.182659149169922,
            "abs_error": 0.038548185231539356,
            "within_tolerance": false
          },
          "0.95": {
            "nominal": 0.95,
            "empirical": 0.9561952440550688,
            "interval_width": 42.75710678100586,
            "abs_error": 0.0061952440550688825,
            "within_tolerance": true
          }
        },
        "coverage_tolerance": 0.03,
        "within_tolerance": false,
        "interval_scores": {
          "0.80": {
            "mean_score": 39.3073616027832,
            "sharpness": 28.182659149169922,
            "penalty": 11.124701499938965
          },
          "0.95": {
            "mean_score": 59.67881393432617,
            "sharpness": 42.75710678100586,
            "penalty": 16.921709060668945
          }
        },
        "wis": 3.6187531089782716,
        "pit": {
          "mean": 0.47143545056320396,
          "std": 0.2580560345544106,
          "n_obs": 799,
          "n_bins": 10,
          "counts": [
            88,
            61,
            66,
            94,
            113,
            110,
            98,
            82,
            46,
            41
          ],
          "bin_edges": [
            0.0,
            0.1,
            0.2,
            0.30000000000000004,
            0.4,
            0.5,
            0.6000000000000001,
            0.7000000000000001,
            0.8,
            0.9,
            1.0
          ],
          "max_abs_dev_from_uniform": 0.04868585732165207
        }
      },
      "crps": {
        "mean_crps": 5.563266303612752,
        "n_obs": 799
      },
      "ppc": {
        "summary": {
          "mean": {
            "observed": 69.6971206665039,
            "p_value": 0.6139,
            "mc_se": 0.0034425774501091475
          },
          "sd": {
            "observed": 10.833054542541504,
            "p_value": 0.26045,
            "mc_se": 0.0031033513940577208
          },
          "skewness": {
            "observed": -1.8474830389022827,
            "p_value": 0.9909,
            "mc_se": 0.0006714607211147945
          },
          "min": {
            "observed": 9.0,
            "p_value": 0.7685,
            "mc_se": 0.0029825136210921152
          },